{"cameraMode":{"drawMode":0,"name":"Shaded","section":"Shading Mode"},"sceneLighting":true,"audioPlay":false,"sceneViewState":{"showFog":true,"showMaterialUpdate":false,"showSkybox":true,"showFlares":true,"showImageEffects":true,"showParticleSystems":true},"in2DMode":false,"pivot":{"x":-434.77978515625,"y":-1405.3818359375,"z":-1478.0960693359375},"rotation":{"x":-0.05211228132247925,"y":0.920184314250946,"z":-0.36569979786872866,"w":-0.13054139912128449},"size":2225.948486328125,"orthographic":false}