{"cameraMode":{"drawMode":0,"name":"Shaded","section":"Shading Mode"},"sceneLighting":true,"audioPlay":false,"sceneViewState":{"showFog":true,"showMaterialUpdate":false,"showSkybox":true,"showFlares":true,"showImageEffects":true,"showParticleSystems":true},"in2DMode":false,"pivot":{"x":-1.4653205871582032,"y":0.9893064498901367,"z":7.276761054992676},"rotation":{"x":-0.27287229895591738,"y":-0.022341949865221978,"z":0.003862938843667507,"w":-0.9620991945266724},"size":19.741796493530275,"orthographic":false}