{"cameraMode":{"drawMode":2,"name":"Shaded Wireframe","section":"Shading Mode"},"sceneLighting":true,"audioPlay":false,"sceneViewState":{"showFog":true,"showMaterialUpdate":false,"showSkybox":true,"showFlares":true,"showImageEffects":true,"showParticleSystems":true},"in2DMode":false,"pivot":{"x":391.45623779296877,"y":-338.8958740234375,"z":526.96728515625},"rotation":{"x":0.24510712921619416,"y":0.3050701320171356,"z":-0.08170241117477417,"w":0.9166948795318604},"size":1370.4427490234375,"orthographic":false}