{"cameraMode":{"drawMode":2,"name":"Shaded Wireframe","section":"Shading Mode"},"sceneLighting":true,"audioPlay":false,"sceneViewState":{"showFog":true,"showMaterialUpdate":false,"showSkybox":true,"showFlares":true,"showImageEffects":true,"showParticleSystems":true},"in2DMode":false,"pivot":{"x":-121.20463562011719,"y":-1016.4527587890625,"z":-1738.166259765625},"rotation":{"x":-0.007464328780770302,"y":0.9618040323257446,"z":-0.27272993326187136,"w":-0.025947915390133859},"size":2161.799560546875,"orthographic":false}