{"cameraMode":{"drawMode":0,"name":"Shaded","section":"Shading Mode"},"sceneLighting":true,"audioPlay":false,"sceneViewState":{"showFog":true,"showMaterialUpdate":false,"showSkybox":true,"showFlares":true,"showImageEffects":true,"showParticleSystems":true},"in2DMode":false,"pivot":{"x":-6.623382568359375,"y":88.42550659179688,"z":3.195309638977051},"rotation":{"x":0.18505258858203889,"y":0.6656462550163269,"z":-0.17566780745983125,"w":0.7013310194015503},"size":45.726139068603519,"orthographic":false}