{"cameraMode":{"drawMode":0,"name":"Shaded","section":"Shading Mode"},"sceneLighting":false,"audioPlay":false,"sceneViewState":{"showFog":true,"showMaterialUpdate":false,"showSkybox":false,"showFlares":true,"showImageEffects":true,"showParticleSystems":true},"in2DMode":false,"pivot":{"x":-5.409543514251709,"y":0.7730978727340698,"z":-0.8826198577880859},"rotation":{"x":-0.08915849030017853,"y":-0.5283203721046448,"z":0.052927035838365558,"w":-0.8430516123771668},"size":3.7770230770111086,"orthographic":false}