{"cameraMode":{"drawMode":0,"name":"Shaded","section":"Shading Mode"},"sceneLighting":true,"audioPlay":false,"sceneViewState":{"showFog":true,"showMaterialUpdate":false,"showSkybox":true,"showFlares":true,"showImageEffects":true,"showParticleSystems":true},"in2DMode":false,"pivot":{"x":340.1585998535156,"y":164.802490234375,"z":-13.80859375},"rotation":{"x":0.12269102782011032,"y":0.0020946436561644079,"z":-0.0002628038637340069,"w":0.9924535155296326},"size":574.2587280273438,"orthographic":true}